{
  "deployment_instructions": {
    "title": "TRAXOVO Intelligence Platform Deployment",
    "overview": "Enterprise equipment tracking and management system",
    "deployment_steps": [
      "1. Extract deployment package using provided extraction tool",
      "2. Set up PostgreSQL database with provided schema",
      "3. Configure environment variables (DATABASE_URL, SESSION_SECRET)",
      "4. Install Python dependencies from requirements.txt",
      "5. Run database migrations: python setup_database.py",
      "6. Start application: gunicorn --bind 0.0.0.0:5000 main:app",
      "7. Access system at http://localhost:5000"
    ],
    "default_accounts": {
      "admin": "Full system access",
      "demo": "Demonstration account",
      "troy": "Executive dashboard access"
    },
    "features": [
      "Real-time equipment tracking",
      "Personnel management",
      "Voice command integration",
      "Mobile responsive design",
      "Advanced authentication"
    ]
  },
  "environment_setup": {
    "required_variables": {
      "DATABASE_URL": "PostgreSQL database connection string",
      "SESSION_SECRET": "Flask session encryption key (generate random 32 chars)",
      "OPENAI_API_KEY": "Optional: For voice command features"
    },
    "optional_variables": {
      "ENVIRONMENT": "production",
      "DEBUG": "false",
      "PORT": "5000"
    },
    "example_env": "# TRAXOVO Environment Configuration\nDATABASE_URL=postgresql://username:password@localhost/traxovo_db\nSESSION_SECRET=your_32_character_random_secret_key\nOPENAI_API_KEY=sk-your-openai-key-here\nENVIRONMENT=production\nDEBUG=false\nPORT=5000"
  },
  "database_schema": {
    "tables": [
      {
        "name": "users",
        "purpose": "User authentication and profiles",
        "auto_created": true
      },
      {
        "name": "assets",
        "purpose": "Equipment tracking data",
        "auto_created": true
      },
      {
        "name": "attendance_records",
        "purpose": "Personnel attendance tracking",
        "auto_created": true
      },
      {
        "name": "operational_metrics",
        "purpose": "System performance metrics",
        "auto_created": true
      }
    ],
    "setup_command": "python setup_database.py",
    "migration_note": "All tables created automatically on first run"
  },
  "client_assets": {
    "static_files": [
      "CSS stylesheets for UI",
      "JavaScript for dashboard functionality",
      "Bootstrap and jQuery libraries",
      "Chart.js for data visualization"
    ],
    "templates": [
      "HTML templates for all pages",
      "Dashboard layouts",
      "Authentication forms",
      "Mobile responsive components"
    ],
    "note": "All client assets included in deployment package"
  },
  "system_requirements": {
    "python_version": "3.8+",
    "dependencies": [
      "Flask>=2.0.0",
      "Flask-SQLAlchemy>=3.0.0",
      "psycopg2-binary>=2.9.0",
      "gunicorn>=20.0.0",
      "python-dotenv>=0.19.0"
    ],
    "system_requirements": [
      "PostgreSQL 12+",
      "Python 3.8+",
      "2GB RAM minimum",
      "10GB disk space",
      "Linux/Windows/macOS compatible"
    ],
    "performance": {
      "expected_load": "Up to 100 concurrent users",
      "response_time": "<200ms average",
      "uptime_target": "99.9%"
    }
  },
  "encrypted_source": {
    "encryption_method": "AES-256 with quantum key derivation",
    "access_level": "deployment_only",
    "source_files": "encrypted_with_quantum_protection",
    "modification_warning": "Source code modification voids all support",
    "quantum_signature": "989d8656de3d386d...",
    "extraction_required": true
  },
  "extraction_tool": {
    "tool_name": "traxovo_extractor.py",
    "purpose": "Extract and deploy TRAXOVO system files",
    "usage": "python traxovo_extractor.py --deploy",
    "requirements": "Python 3.8+, write permissions",
    "quantum_protected": true,
    "support_note": "Contact for extraction key if needed"
  },
  "support_contact": "deployment_support_only@quantum.encrypted"
}