{
    "description": "Foundation Report Integration for Fleet Analytics",
    "modules": [
        "parse_foundation_wo",
        "parse_profit_report",
        "parse_uvc_analysis"
    ],
    "asset_id_column": "equipment_no",
    "cost_fields": [
        "service_labor",
        "service_other",
        "total_cost",
        "usage_hours",
        "billing_dollars"
    ],
    "integration_targets": [
        "Fleet Utilization Module",
        "Cost Analysis Dashboard",
        "Underutilized Asset Alerts"
    ]
}