Division,Equip #,Equipment Description,Date,Job,Phase,Cost Code,Cost Class,Units,Frequency,Rate,Amount,*,NOTE,*2,ASSET SUM OF UNITS
DFW,ET-01,2022 DODGE RAM 1500,2025-04-30,2019-044,1.0,9000 100M,4.0,0.12,MONTHLY,1300.0,156.0,,,,1.0
DFW,ET-27,2023 FORD F-250 XL,2025-04-30,2019-044,1.0,9000 100M,4.0,0.11,MONTHLY,2000.0,220.0,,,,1.0
DFW,ML-05,2015 GENIE S-80X 4WD,2025-04-30,2019-044,1.0,9000 100M,4.0,0.25,MONTHLY,3500.0,875.0,,,,0.25
DFW,PT-159,2019 F250 G54587,2025-04-30,2019-044,1.0,9000 100M,4.0,0.1,MONTHLY,1500.0,150.0,,,,1.0
DFW,PT-237,2023 F-250,2025-04-30,2019-044,1.0,9000 100M,4.0,0.05,MONTHLY,1500.0,75.0,,,,1.0
DFW,PT-281,2024 F250 XL (REE94010),2025-04-30,2019-044,1.0,9000 100M,4.0,0.2,MONTHLY,1500.0,300.0,,,,1.0
DFW,CM-01,Caterpillar CT660 (2015),2025-04-30,2021-017,1.0,9000 100M,4.0,0.6,MONTHLY,2500.0,1500.0,,,,0.6
DFW,CM-02,Kenworth Mixer 17283 (2014),2025-04-30,2021-017,1.0,9000 100M,4.0,0.64,MONTHLY,2500.0,1600.0,,,,0.64
DFW,CM-04,2012 KW CONCRETE MIXER (23504),2025-04-30,2021-017,1.0,9000 100M,4.0,0.65,MONTHLY,2500.0,1625.0,,,,0.65
DFW,ET-42,2024 F-150,2025-04-30,2021-017,1.0,9000 100M,4.0,1.0,MONTHLY,1300.0,1300.0,,,,1.0
DFW,EX-21,JD 250G LC 2012,2025-04-30,2021-017,1.0,9000 100M,4.0,0.05,MONTHLY,5000.0,250.0,,,,0.15000000000000002
DFW,EX-53,2017 CAT 308E2CR,2025-04-30,2021-017,1.0,9000 100M,4.0,1.0,MONTHLY,3000.0,3000.0,,,,1.0
DFW,MT-15,2024 F550 MT E60786 MT-15,2025-04-30,2021-017,1.0,9000 100M,4.0,0.1,MONTHLY,1500.0,150.0,,,,1.0
DFW,PT-125,2018 F-150 C08140,2025-04-30,2021-017,1.0,9000 100M,4.0,1.0,MONTHLY,1300.0,1300.0,,,,1.0
DFW,PT-218,2022 F-250 E64467,2025-04-30,2021-017,1.0,9000 100M,4.0,0.3,MONTHLY,1500.0,450.0,,,,0.9999999999999999
DFW,PT-268,2024 FORD MAVERICK XLT (5305),2025-04-30,2021-017,1.0,9000 100M,4.0,0.1,MONTHLY,1000.0,100.0,,,,1.0
DFW,RTC-03,2014 TEREX RT555-2 55TON,2025-04-30,2021-017,1.0,9000 100M,4.0,0.35,MONTHLY,6000.0,2100.0,,,,1.0
DFW,SS-32,CAT 279D,2025-04-30,2021-017,1.0,9000 100M,4.0,1.0,MONTHLY,2100.0,2100.0,,,,1.0
DFW,WT-05,2012 F-750 458385 Water Truck,2025-04-30,2021-017,1.0,9000 100M,4.0,1.0,MONTHLY,3000.0,3000.0,,,,1.0
DFW,DT-07,2012 F-550 SD A46160,2025-04-30,2022-003,1.0,9000 100M,4.0,1.0,MONTHLY,1700.0,1700.0,,,,1.0
DFW,BH-23,2015 CAT 420F,2025-04-30,2022-008,1.0,9000 100M,4.0,1.0,MONTHLY,2500.0,2500.0,,,,1.0
DFW,D-12,John Deere 700K,2025-04-30,2022-008,1.0,9000 100M,4.0,1.0,MONTHLY,5500.0,5500.0,,,,1.0
DFW,ET-23,2023 FORD F-250,2025-04-30,2022-008,1.0,9000 100M,4.0,0.71,MONTHLY,2000.0,1420.0,,,,1.0
DFW,EX-34,JD 250GLC,2025-04-30,2022-008,1.0,9000 100M,4.0,0.45,MONTHLY,5000.0,2250.0,,,,0.45
DFW,MT-14,2023 F550 D21569 Lube Truck,2025-04-30,2022-008,1.0,9000 100M,4.0,0.05,MONTHLY,1500.0,75.0,,,,0.5
DFW,PT-160,2019 Ford G54586,2025-04-30,2022-008,1.0,9000 100M,4.0,0.18,MONTHLY,1500.0,270.0,,,,0.9999999999999999
DFW,PT-213,2021 F-250 D19753,2025-04-30,2022-008,1.0,9000 100M,4.0,0.07,MONTHLY,1500.0,105.00000000000001,,,,1.0
DFW,PT-224,2022 F-150 D92568,2025-04-30,2022-008,1.0,9000 100M,4.0,0.05,MONTHLY,1300.0,65.0,,,,1.0
DFW,PT-226,2022 F-250 G40582,2025-04-30,2022-008,1.0,9000 100M,4.0,0.46,MONTHLY,1500.0,690.0,,,,1.0
DFW,PT-227,2022 F-250 G40597,2025-04-30,2022-008,1.0,9000 100M,4.0,0.25,MONTHLY,1500.0,375.0,,,,1.0
DFW,PT-229,2022 F-250 G40594,2025-04-30,2022-008,1.0,9000 100M,4.0,0.22,MONTHLY,1500.0,330.0,,,,0.9999999999999999
DFW,PT-247,2023 F-150 STX,2025-04-30,2022-008,1.0,9000 100M,4.0,0.23,MONTHLY,1300.0,299.0,,,,1.0
DFW,PT-252,2023 F-250 XL,2025-04-30,2022-008,1.0,9000 100M,4.0,0.91,MONTHLY,1500.0,1365.0,,,,1.0
DFW,PT-279,2024 F250 XL (REE94240),2025-04-30,2022-008,1.0,9000 100M,4.0,0.3,MONTHLY,1500.0,450.0,,,,1.0
DFW,R-20,Wacker Neuson RD12A (2013),2025-04-30,2022-008,1.0,9000 100M,4.0,0.05,MONTHLY,2000.0,100.0,,,,0.05
DFW,R-26,2015 Wacker Neuson RTSC3,2025-04-30,2022-008,1.0,9000 100M,4.0,0.11,MONTHLY,1500.0,165.0,,,,0.11
DFW,SS-23,2017 CAT 279D,2025-04-30,2022-008,1.0,9000 100M,4.0,0.75,MONTHLY,2100.0,1575.0,,,,0.75
DFW,WT-10,2014 Freightliner M2 106 2000g,2025-04-30,2022-008,1.0,9000 100M,4.0,1.0,MONTHLY,3000.0,3000.0,,,,1.0
DFW,BH-16,2012 CAT 420E,2025-04-30,2022-023,1.0,9000 100M,4.0,1.0,MONTHLY,2500.0,2500.0,,,,1.0
DFW,BRO-05,Broce RJ350 Broom (2008),2025-04-30,2022-023,1.0,9000 100M,4.0,1.0,MONTHLY,1200.0,1200.0,,,,1.0
DFW,CT-27,2022 SPARTAN CR 7X16 (033611),2025-04-30,2022-023,1.0,9000 100M,4.0,0.16,MONTHLY,200.0,32.0,,,,1.0
DFW,D-13,CAT D3K2XL (2016),2025-04-30,2022-023,1.0,9000 100M,4.0,1.0,MONTHLY,4500.0,4500.0,,,,1.0
DFW,ET-41,2024 F-150,2025-04-30,2022-023,1.0,9000 100M,4.0,0.4,MONTHLY,1300.0,520.0,,,,1.0
DFW,EX-21,JD 250G LC 2012,2025-04-30,2022-023,1.0,9000 100M,4.0,0.1,MONTHLY,5000.0,500.0,,,,
DFW,EX-80,2022 JD 300G LC (731956) EX-80,2025-04-30,2022-023,1.0,9000 100M,4.0,0.64,MONTHLY,5000.0,3200.0,,,,1.0
DFW,MT-14,2023 F550 D21569 Lube Truck,2025-04-30,2022-023,1.0,9000 100M,4.0,0.09,MONTHLY,1500.0,135.0,,,,
DFW,PT-104,2017 F-150 E48666,2025-04-30,2022-023,1.0,9000 100M,4.0,0.7,MONTHLY,1300.0,909.9999999999999,,,,1.0
DFW,PT-173,2020 F-150 E09535,2025-04-30,2022-023,1.0,9000 100M,4.0,0.06,MONTHLY,1300.0,78.0,,,,1.0
DFW,PT-207,2020 F-250 D24350,2025-04-30,2022-023,1.0,9000 100M,4.0,0.15,MONTHLY,1500.0,225.0,,,,1.0
DFW,PT-277,2024 FORD MAVERICK (RRB40474),2025-04-30,2022-023,1.0,9000 100M,4.0,0.25,MONTHLY,1000.0,250.0,,,,1.0
DFW,PT-278,2024 FORD MAVERICK (RRB41295),2025-04-30,2022-023,1.0,9000 100M,4.0,0.15,MONTHLY,1000.0,150.0,,,,1.0
DFW,PT-282,2024 F250 XL (REF26875),2025-04-30,2022-023,1.0,9000 100M,4.0,0.32,MONTHLY,1500.0,480.0,,,,1.0
DFW,PT-89,2017 F-150 D58127,2025-04-30,2022-023,1.0,9000 100M,4.0,0.3,MONTHLY,1300.0,390.0,,,,1.0
DFW,WL-04,2017 CAT 938M,2025-04-30,2022-023,1.0,9000 100M,4.0,1.0,MONTHLY,4000.0,4000.0,,,,1.0
DFW,WL-12,2022 CAT 938M (K03394) WL-12,2025-04-30,2022-023,1.0,9000 100M,4.0,0.25,MONTHLY,4000.0,1000.0,,,,0.5
DFW,PT-104,2017 F-150 E48666,2025-04-30,2023-004,1.0,9000 100M,4.0,0.07,MONTHLY,1300.0,91.00000000000001,,,,
DFW,PT-89,2017 F-150 D58127,2025-04-30,2023-004,1.0,9000 100M,4.0,0.2,MONTHLY,1300.0,260.0,,,,
DFW,BRO-08,Lay-Mor SM300 Broom (2013),2025-04-30,2023-006,1.0,9000 100M,4.0,0.5,MONTHLY,1200.0,600.0,,,,0.5
DFW,ET-08,2022 DODGE RAM 1500,2025-04-30,2023-006,1.0,9000 100M,4.0,1.0,MONTHLY,1300.0,1300.0,,,,1.0
DFW,ET-09,2022 DODGE RAM 1500,2025-04-30,2023-006,1.0,9000 100M,4.0,0.2,MONTHLY,1300.0,260.0,,,,1.0
DFW,ET-19,2022 DODGE RAM 1500,2025-04-30,2023-006,1.0,9000 100M,4.0,0.2,MONTHLY,1300.0,260.0,,,,1.0
DFW,ET-27,2023 FORD F-250 XL,2025-04-30,2023-006,1.0,9000 100M,4.0,0.89,MONTHLY,2000.0,1780.0,,,,
DFW,EX-41,CAT 308E2CRSB (2013),2025-04-30,2023-006,1.0,9000 100M,4.0,0.82,MONTHLY,3000.0,2460.0,,,,1.0
DFW,EX-42,JD 75G (2015),2025-04-30,2023-006,1.0,9000 100M,4.0,0.55,MONTHLY,3000.0,1650.0000000000002,,,,0.55
DFW,EX-70,JD 250G LC (2019),2025-04-30,2023-006,1.0,9000 100M,4.0,1.0,MONTHLY,5000.0,5000.0,,,,1.0
DFW,ME-34,WANCO MESSAGE BOARD (1005011),2025-04-30,2023-006,1.0,9000 100M,4.0,1.0,MONTHLY,1250.0,1250.0,,,,1.0
DFW,ME-35,WANCO MESSAGE BOARD (1005012),2025-04-30,2023-006,1.0,9000 100M,4.0,1.0,MONTHLY,1250.0,1250.0,,,,1.0
DFW,ME-51,2024 VM MATRIX MB (MB-H000976),2025-04-30,2023-006,1.0,9000 100M,4.0,1.0,MONTHLY,1250.0,1250.0,,,,1.0
DFW,MT-14,2023 F550 D21569 Lube Truck,2025-04-30,2023-006,1.0,9000 100M,4.0,0.05,MONTHLY,1500.0,75.0,,,,
DFW,PT-156,2019 F150 F14517,2025-04-30,2023-006,1.0,9000 100M,4.0,0.1,MONTHLY,1300.0,130.0,,,,1.0
DFW,PT-159,2019 F250 G54587,2025-04-30,2023-006,1.0,9000 100M,4.0,0.4,MONTHLY,1500.0,600.0,,,,
DFW,PT-237,2023 F-250,2025-04-30,2023-006,1.0,9000 100M,4.0,0.43,MONTHLY,1500.0,645.0,,,,
DFW,PT-240,2023 F-150 XL,2025-04-30,2023-006,1.0,9000 100M,4.0,0.5,MONTHLY,1300.0,650.0,,,,1.0
DFW,PT-245,2023 F-150 STX,2025-04-30,2023-006,1.0,9000 100M,4.0,0.9,MONTHLY,1300.0,1170.0,,,,1.0
DFW,PT-268,2024 FORD MAVERICK XLT (5305),2025-04-30,2023-006,1.0,9000 100M,4.0,0.2,MONTHLY,1000.0,200.0,,,,
DFW,PT-276,2024 FORD MAVERICK (RRB41388),2025-04-30,2023-006,1.0,9000 100M,4.0,0.1,MONTHLY,1000.0,100.0,,,,1.0
DFW,PT-89,2017 F-150 D58127,2025-04-30,2023-006,1.0,9000 100M,4.0,0.2,MONTHLY,1300.0,260.0,,,,
DFW,R-25,Wacker RTLX-SC3,2025-04-30,2023-006,1.0,9000 100M,4.0,1.0,MONTHLY,2000.0,2000.0,,,,1.0
DFW,R-33,2017 WACKER RD12A DDR,2025-04-30,2023-006,1.0,9000 100M,4.0,1.0,MONTHLY,2000.0,2000.0,,,,1.0
DFW,RTC-02,Terex 65 Ton Crane,2025-04-30,2023-006,1.0,9000 100M,4.0,0.49,MONTHLY,6000.0,2940.0,,,,1.0
DFW,SS-29,2018 CAT 279D,2025-04-30,2023-006,1.0,9000 100M,4.0,1.0,MONTHLY,2100.0,2100.0,,,,1.0
DFW,SS-45,2025 CAT 265 CTL (KR405358) SS-45,2025-04-30,2023-006,1.0,9000 100M,4.0,1.0,MONTHLY,2100.0,2100.0,,,,1.0
DFW,SS-46,2025 CAT 265 CTL (KR405362) SS-46,2025-04-30,2023-006,1.0,9000 100M,4.0,0.16,MONTHLY,2100.0,336.0,,,,1.0
DFW,SV-08,2020 Ford Explorer A41584,2025-04-30,2023-006,1.0,9000 100M,4.0,1.0,MONTHLY,1250.0,1250.0,,,,1.0
DFW,TH-09,2013 JLG G1255A,2025-04-30,2023-006,1.0,9000 100M,4.0,1.0,MONTHLY,4000.0,4000.0,,,,1.0
DFW,TH-12,2016 JLG1255 TELEHANDLER TH-12,2025-04-30,2023-006,1.0,9000 100M,4.0,0.5,MONTHLY,4000.0,2000.0,,,,0.5
DFW,WL-03,CAT 928H Loader (2012),2025-04-30,2023-006,1.0,9000 100M,4.0,0.25,MONTHLY,4000.0,1000.0,,,,0.25
DFW,ET-11,2022 DODGE RAM 1500,2025-04-30,2023-014,1.0,9000 100M,4.0,1.0,MONTHLY,1300.0,1300.0,,,,1.0
DFW,ET-25,2023 FORD F-250,2025-04-30,2023-014,1.0,9000 100M,4.0,0.46,MONTHLY,2000.0,920.0,,,,1.0
DFW,ME-37,WANCO ARROW BOARD (1005266),2025-04-30,2023-014,1.0,9000 100M,4.0,0.2,MONTHLY,800.0,160.0,,,,1.0
DFW,ME-44,VER-MAC PCMS-1500LP (H223778),2025-04-30,2023-014,1.0,9000 100M,4.0,1.0,MONTHLY,1250.0,1250.0,,,,1.0
DFW,ME-49,2024 VM MATRIX MB (MB-H000135),2025-04-30,2023-014,1.0,9000 100M,4.0,0.28,MONTHLY,1250.0,350.00000000000006,,,,1.0
DFW,ME-54,2024 WANCO WTSP AB,2025-04-30,2023-014,1.0,9000 100M,4.0,0.5,MONTHLY,800.0,400.0,,,,0.5
DFW,MT-07,2017 F-750 B12651 (TMA),2025-04-30,2023-014,1.0,9000 100M,4.0,0.25,MONTHLY,3500.0,875.0,,,,0.5
DFW,MT-14,2023 F550 D21569 Lube Truck,2025-04-30,2023-014,1.0,9000 100M,4.0,0.08,MONTHLY,1500.0,120.0,,,,
DFW,PT-159,2019 F250 G54587,2025-04-30,2023-014,1.0,9000 100M,4.0,0.1,MONTHLY,1500.0,150.0,,,,
DFW,PT-237,2023 F-250,2025-04-30,2023-014,1.0,9000 100M,4.0,0.08,MONTHLY,1500.0,120.0,,,,
DFW,PT-281,2024 F250 XL (REE94010),2025-04-30,2023-014,1.0,9000 100M,4.0,0.1,MONTHLY,1500.0,150.0,,,,
DFW,PT-284,2024 F250 F26104 PT-284,2025-04-30,2023-014,1.0,9000 100M,4.0,0.4,MONTHLY,1500.0,600.0,,,,1.0
DFW,TH-07,2014 JLG G1255A,2025-04-30,2023-014,1.0,9000 100M,4.0,0.75,MONTHLY,4000.0,3000.0,,,,0.75
DFW,TH-10,2016 JLG G5-18A (76908),2025-04-30,2023-014,1.0,9000 100M,4.0,0.5,MONTHLY,2000.0,1000.0,,,,0.5
DFW,WL-13,2019 CAT 938M (R08392) WL-13,2025-04-30,2023-014,1.0,9000 100M,4.0,0.5,MONTHLY,4000.0,2000.0,,,,0.5
DFW,14T-36,SOUTHLAND SL7 DUMP TRAILER,2025-04-30,2023-032,1.0,9000 100F / CC NEEDED,4.0,0.96,MONTHLY,200.0,192.0,,,,1.0
DFW,7TD-01,2024 BIG TEX 70ST-16BK (3155),2025-04-30,2023-032,1.0,9000 100F / CC NEEDED,4.0,1.0,MONTHLY,200.0,200.0,,,,1.0
DFW,AC-25,2024 SULLAIR 185 AIR COMPRESSOR,2025-04-30,2023-032,1.0,9000 100F / CC NEEDED,4.0,0.94,MONTHLY,800.0,752.0,,,,1.0
DFW,AC-27,2024 SULLAIR 185 AIR COMPRESSOR,2025-04-30,2023-032,1.0,9000 100F / CC NEEDED,4.0,0.96,MONTHLY,800.0,768.0,,,,1.0
DFW,BH-22,2015 CAT 420F2 IT,2025-04-30,2023-032,1.0,9000 100F / CC NEEDED,4.0,1.0,MONTHLY,2500.0,2500.0,,,,1.0
DFW,BRO-03,Broce RJ 350 Broom,2025-04-30,2023-032,1.0,9000 100F / CC NEEDED,4.0,0.93,MONTHLY,1200.0,1116.0,,,,1.0
DFW,CFM-11,2017 Gomaco Comm III,2025-04-30,2023-032,1.0,9000 100F / CC NEEDED,4.0,0.1,MONTHLY,8883.0,888.3000000000001,,,,0.1
DFW,CM-03,2025 WESTERN STAR POLYMIXER,2025-04-30,2023-032,1.0,9000 100F / CC NEEDED,4.0,0.5,MONTHLY,7300.0,3650.0,,,,0.5
DFW,DT-08,2013 F-550 B64200,2025-04-30,2023-032,1.0,9000 100F / CC NEEDED,4.0,0.95,MONTHLY,1700.0,1615.0,,,,1.0
DFW,ET-22,2023 FORD F-250,2025-04-30,2023-032,1.0,9000 100F / CC NEEDED,4.0,0.58,MONTHLY,2000.0,1160.0,,,,1.0
DFW,ET-26,2023 FORD F-250 XL,2025-04-30,2023-032,1.0,9000 100F / CC NEEDED,4.0,0.25,MONTHLY,2000.0,500.0,,,,
DFW,ET-30,2023 FORD F-250 XL,2025-04-30,2023-032,1.0,9000 100F / CC NEEDED,4.0,0.42,MONTHLY,2000.0,840.0,,,,1.0
DFW,ET-43,2024 F-150,2025-04-30,2023-032,1.0,9000 100F / CC NEEDED,4.0,0.55,MONTHLY,1300.0,715.0000000000001,,,,1.0
DFW,EX-40,2014 JD 290GLC,2025-04-30,2023-032,1.0,9000 100F / CC NEEDED,4.0,1.0,MONTHLY,5000.0,5000.0,,,,1.0
DFW,EX-80,2022 JD 300G LC (731956) EX-80,2025-04-30,2023-032,1.0,9000 100F / CC NEEDED,4.0,0.36,MONTHLY,5000.0,1800.0,,,,
DFW,EX-84,2024 CAT 336 08C (L20433) EX-84,2025-04-30,2023-032,1.0,9000 100F / CC NEEDED,4.0,1.0,MONTHLY,7250.0,7250.0,,,,1.0
DFW,LP-116,WANCO LIGHT TOWER 4-7KW VERT,2025-04-30,2023-032,1.0,9000 100F / CC NEEDED,4.0,1.0,MONTHLY,800.0,800.0,,,,1.0
DFW,ME-31,WANCO MESSAGE BOARD (1005008),2025-04-30,2023-032,1.0,9000 100F / CC NEEDED,4.0,0.74,MONTHLY,1250.0,925.0,,,,1.0
DFW,ME-32,WANCO MESSAGE BOARD (1005009),2025-04-30,2023-032,1.0,9000 100F / CC NEEDED,4.0,0.27,MONTHLY,1250.0,337.5,,,,1.0
DFW,ME-39,WANCO ARROW BOARD (1005268),2025-04-30,2023-032,1.0,9000 100F / CC NEEDED,4.0,0.95,MONTHLY,800.0,760.0,,,,1.0
DFW,ME-43,VER-MAC PCMS-1500LP (H223772),2025-04-30,2023-032,1.0,9000 100F / CC NEEDED,4.0,1.0,MONTHLY,1250.0,1250.0,,,,1.0
DFW,ME-46,VER-MAC PCMS-1500LP (H223795),2025-04-30,2023-032,1.0,9000 100F / CC NEEDED,4.0,1.0,MONTHLY,1250.0,1250.0,,,,1.0
DFW,ME-48,2024 VM MATRIX MB (MB-H000139),2025-04-30,2023-032,1.0,9000 100F / CC NEEDED,4.0,1.0,MONTHLY,1250.0,1250.0,,,,1.0
DFW,ME-55,2024 WANCO SILENT SENTINAL AB,2025-04-30,2023-032,1.0,9000 100F / CC NEEDED,4.0,0.85,MONTHLY,800.0,680.0,,,,1.0
DFW,ME-56,2024 WANCO SILENT SENTINAL AB,2025-04-30,2023-032,1.0,9000 100F / CC NEEDED,4.0,0.91,MONTHLY,800.0,728.0,,,,1.0
DFW,ME-58,2024 WANCO SILENT SENTINAL AB,2025-04-30,2023-032,1.0,9000 100F / CC NEEDED,4.0,0.96,MONTHLY,800.0,768.0,,,,1.0
DFW,ME-59,2024 WANCO SILENT SENTINAL AB,2025-04-30,2023-032,1.0,9000 100F / CC NEEDED,4.0,0.85,MONTHLY,800.0,680.0,,,,1.0
DFW,ML-03,2011 Genie S-60X 4WD,2025-04-30,2023-032,1.0,9000 100F / CC NEEDED,4.0,0.85,MONTHLY,2500.0,2125.0,,,,1.0
DFW,ML-06,2016 GENIE S-45 4WD (22865),2025-04-30,2023-032,1.0,9000 100F / CC NEEDED,4.0,1.0,MONTHLY,2500.0,2500.0,,,,1.0
DFW,ML-07,2016 GENIE S45 MANLIFT,2025-04-30,2023-032,1.0,9000 100F / CC NEEDED,4.0,1.0,MONTHLY,2500.0,2500.0,,,,1.0
DFW,ML-08,JLG 400S BOOM LIFT 40-46',2025-04-30,2023-032,1.0,9000 100F / CC NEEDED,4.0,1.0,MONTHLY,2500.0,2500.0,,,,1.0
DFW,ML-09,JLG 400S BOOM LIFT 40-46',2025-04-30,2023-032,1.0,9000 100F / CC NEEDED,4.0,1.0,MONTHLY,2500.0,2500.0,,,,1.0
DFW,MT-09,2019 F-550 w/Service Body/Cran,2025-04-30,2023-032,1.0,9000 100F / CC NEEDED,4.0,0.25,MONTHLY,1500.0,375.0,,,,0.5
DFW,MT-14,2023 F550 D21569 Lube Truck,2025-04-30,2023-032,1.0,9000 100F / CC NEEDED,4.0,0.12,MONTHLY,1500.0,180.0,,,,
DFW,MT-15,2024 F550 MT E60786 MT-15,2025-04-30,2023-032,1.0,9000 100F / CC NEEDED,4.0,0.15,MONTHLY,1500.0,225.0,,,,
DFW,MT-15,2024 F550 MT E60786 MT-15,2025-04-30,2023-032,1.0,9000 100F / CC NEEDED,4.0,0.15,MONTHLY,1500.0,225.0,,,,
DFW,PT-167,2020 F-150 D20018,2025-04-30,2023-032,1.0,9000 100F / CC NEEDED,4.0,0.4,MONTHLY,1300.0,520.0,,,,1.0
DFW,PT-168,2020 F-150 D38566,2025-04-30,2023-032,1.0,9000 100F / CC NEEDED,4.0,0.57,MONTHLY,1300.0,740.9999999999999,,,,1.0
DFW,PT-177,2020 F-250 D40364,2025-04-30,2023-032,1.0,9000 100F / CC NEEDED,4.0,0.37,MONTHLY,1500.0,555.0,,,,1.0
DFW,PT-193,2021 F-250 C11822,2025-04-30,2023-032,1.0,9000 100F / CC NEEDED,4.0,0.85,MONTHLY,1500.0,1275.0,,,,1.0
DFW,PT-208,2019 F-250 D92216,2025-04-30,2023-032,1.0,9000 100F / CC NEEDED,4.0,0.73,MONTHLY,1500.0,1095.0,,,,1.0
DFW,PT-218,2022 F-250 E64467,2025-04-30,2023-032,1.0,9000 100F / CC NEEDED,4.0,0.35,MONTHLY,1500.0,525.0,,,,
DFW,PT-224,2022 F-150 D92568,2025-04-30,2023-032,1.0,9000 100F / CC NEEDED,4.0,0.9,MONTHLY,1300.0,1170.0,,,,
DFW,PT-227,2022 F-250 G40597,2025-04-30,2023-032,1.0,9000 100F / CC NEEDED,4.0,0.1,MONTHLY,1500.0,150.0,,,,
DFW,PT-244,2023 F-150 STX,2025-04-30,2023-032,1.0,9000 100F / CC NEEDED,4.0,0.72,MONTHLY,1300.0,936.0,,,,1.0
DFW,PT-247,2023 F-150 STX,2025-04-30,2023-032,1.0,9000 100F / CC NEEDED,4.0,0.5,MONTHLY,1300.0,650.0,,,,
DFW,PT-269,2024 F350 FLATBED WELDING TK,2025-04-30,2023-032,1.0,9000 100F / CC NEEDED,4.0,0.64,MONTHLY,2500.0,1600.0,,,,1.0
DFW,PT-274,2024 FORD MAVERICK (RRB41786),2025-04-30,2023-032,1.0,9000 100F / CC NEEDED,4.0,0.7,MONTHLY,1000.0,700.0,,,,1.0
DFW,PT-276,2024 FORD MAVERICK (RRB41388),2025-04-30,2023-032,1.0,9000 100F / CC NEEDED,4.0,0.15,MONTHLY,1000.0,150.0,,,,
DFW,PT-277,2024 FORD MAVERICK (RRB40474),2025-04-30,2023-032,1.0,9000 100F / CC NEEDED,4.0,0.15,MONTHLY,1000.0,150.0,,,,
DFW,PT-278,2024 FORD MAVERICK (RRB41295),2025-04-30,2023-032,1.0,9000 100F / CC NEEDED,4.0,0.15,MONTHLY,1000.0,150.0,,,,
DFW,S-10,2025 KW T880 (S-10),2025-04-30,2023-032,1.0,9000 100F / CC NEEDED,4.0,0.1,MONTHLY,3193.0,319.3,,,,0.1
DFW,SDT-01,2021 UTILITY TRAILER 85605 SDT-01,2025-04-30,2023-032,1.0,9000 100F / CC NEEDED,4.0,0.89,MONTHLY,850.0,756.5,,,,1.0
DFW,SFB-03,2012 Freightliner with Access,2025-04-30,2023-032,1.0,9000 100F / CC NEEDED,4.0,0.65,MONTHLY,3650.0,2372.5,,,,1.0
DFW,SFB-12,Mack MD6 TMA (2023),2025-04-30,2023-032,1.0,9000 100F / CC NEEDED,4.0,0.69,MONTHLY,3650.0,2518.5,,,,1.0
DFW,SFB-13,Mack MD6 TMA (2023),2025-04-30,2023-032,1.0,9000 100F / CC NEEDED,4.0,0.63,MONTHLY,3650.0,2299.5,,,,1.0
DFW,SFB-14,2018 INTL 4300 (H736688),2025-04-30,2023-032,1.0,9000 100F / CC NEEDED,4.0,0.66,MONTHLY,3650.0,2409.0,,,,1.0
DFW,SFB-16,2019 INTL 4300 (L592806),2025-04-30,2023-032,1.0,9000 100F / CC NEEDED,4.0,0.5,MONTHLY,3650.0,1825.0,,,,1.0
DFW,SFB-22,2016 FRGHT M2 (V9036),2025-04-30,2023-032,1.0,9000 100F / CC NEEDED,4.0,0.05,MONTHLY,3650.0,182.5,,,,1.0
DFW,SFB-22,2016 FRGHT M2 (V9036),2025-04-30,2023-032,1.0,9000 100F / CC NEEDED,4.0,0.3,MONTHLY,3650.0,1095.0,,,,
DFW,SS-24,2015 CAT 242D,2025-04-30,2023-032,1.0,9000 100F / CC NEEDED,4.0,0.9,MONTHLY,2100.0,1890.0,,,,1.0
DFW,SS-35,CAT 279D3 (2022),2025-04-30,2023-032,1.0,9000 100F / CC NEEDED,4.0,1.0,MONTHLY,2100.0,2100.0,,,,1.0
DFW,SS-36,CAT 279D3 (2022),2025-04-30,2023-032,1.0,9000 100F / CC NEEDED,4.0,0.5,MONTHLY,2100.0,1050.0,,,,0.5
DFW,STK-01,2018 FRGHT M2 W5278 STK-01,2025-04-30,2023-032,1.0,9000 100F / CC NEEDED,4.0,1.0,MONTHLY,1500.0,1500.0,,,,1.0
DFW,WEL-15,RANGER 305 WELDER,2025-04-30,2023-032,1.0,9000 100F / CC NEEDED,4.0,1.0,MONTHLY,200.0,200.0,,,,1.0
DFW,WT-08,2019 Peterbilt 337 2000gal,2025-04-30,2023-032,1.0,9000 100F / CC NEEDED,4.0,0.9,MONTHLY,3000.0,2700.0,,,,1.0
DFW,WT-09,2007 Ford F750 XL 2000gal,2025-04-30,2023-032,1.0,9000 100F / CC NEEDED,4.0,1.0,MONTHLY,3000.0,3000.0,,,,1.0
DFW,14T-36,SOUTHLAND SL7 DUMP TRAILER,2025-04-30,2023-034,1.0,9000 100F / CC NEEDED,4.0,0.5,MONTHLY,200.0,100.0,,,,
DFW,AC-25,2024 SULLAIR 185 AIR COMPRESSOR,2025-04-30,2023-034,1.0,9000 100F / CC NEEDED,4.0,0.5,MONTHLY,800.0,400.0,,,,
DFW,AC-27,2024 SULLAIR 185 AIR COMPRESSOR,2025-04-30,2023-034,1.0,9000 100F / CC NEEDED,4.0,0.5,MONTHLY,800.0,400.0,,,,
DFW,BRO-03,Broce RJ 350 Broom,2025-04-30,2023-034,1.0,9000 100F / CC NEEDED,4.0,0.5,MONTHLY,1200.0,600.0,,,,
DFW,DT-08,2013 F-550 B64200,2025-04-30,2023-034,1.0,9000 100F / CC NEEDED,4.0,0.05,MONTHLY,1700.0,85.0,,,,
DFW,ET-22,2023 FORD F-250,2025-04-30,2023-034,1.0,9000 100F / CC NEEDED,4.0,0.42,MONTHLY,2000.0,840.0,,,,
DFW,ET-26,2023 FORD F-250 XL,2025-04-30,2023-034,1.0,9000 100F / CC NEEDED,4.0,0.23,MONTHLY,2000.0,460.0,,,,
DFW,ET-30,2023 FORD F-250 XL,2025-04-30,2023-034,1.0,9000 100F / CC NEEDED,4.0,0.58,MONTHLY,2000.0,1160.0,,,,
DFW,ET-43,2024 F-150,2025-04-30,2023-034,1.0,9000 100F / CC NEEDED,4.0,0.4,MONTHLY,1300.0,520.0,,,,
DFW,ME-31,WANCO MESSAGE BOARD (1005008),2025-04-30,2023-034,1.0,9000 100F / CC NEEDED,4.0,0.26,MONTHLY,1250.0,325.0,,,,
DFW,ME-32,WANCO MESSAGE BOARD (1005009),2025-04-30,2023-034,1.0,9000 100F / CC NEEDED,4.0,0.73,MONTHLY,1250.0,912.5,,,,
DFW,ME-39,WANCO ARROW BOARD (1005268),2025-04-30,2023-034,1.0,9000 100F / CC NEEDED,4.0,0.05,MONTHLY,800.0,40.0,,,,
DFW,ME-55,2024 WANCO SILENT SENTINAL AB,2025-04-30,2023-034,1.0,9000 100F / CC NEEDED,4.0,0.15,MONTHLY,800.0,120.0,,,,
DFW,ME-56,2024 WANCO SILENT SENTINAL AB,2025-04-30,2023-034,1.0,9000 100F / CC NEEDED,4.0,0.09,MONTHLY,800.0,72.0,,,,
DFW,ME-58,2024 WANCO SILENT SENTINAL AB,2025-04-30,2023-034,1.0,9000 100F / CC NEEDED,4.0,0.04,MONTHLY,800.0,32.0,,,,
DFW,ME-59,2024 WANCO SILENT SENTINAL AB,2025-04-30,2023-034,1.0,9000 100F / CC NEEDED,4.0,0.15,MONTHLY,800.0,120.0,,,,
DFW,ML-03,2011 Genie S-60X 4WD,2025-04-30,2023-034,1.0,9000 100F / CC NEEDED,4.0,0.15,MONTHLY,2500.0,375.0,,,,
DFW,MT-09,2019 F-550 w/Service Body/Cran,2025-04-30,2023-034,1.0,9000 100F / CC NEEDED,4.0,0.25,MONTHLY,1500.0,375.0,,,,
DFW,PT-156,2019 F150 F14517,2025-04-30,2023-034,1.0,9000 100F / CC NEEDED,4.0,0.34,MONTHLY,1300.0,442.00000000000006,,,,
DFW,PT-167,2020 F-150 D20018,2025-04-30,2023-034,1.0,9000 100F / CC NEEDED,4.0,0.6,MONTHLY,1300.0,780.0,,,,
DFW,PT-168,2020 F-150 D38566,2025-04-30,2023-034,1.0,9000 100F / CC NEEDED,4.0,0.43,MONTHLY,1300.0,559.0,,,,
DFW,PT-173,2020 F-150 E09535,2025-04-30,2023-034,1.0,9000 100F / CC NEEDED,4.0,0.1,MONTHLY,1300.0,130.0,,,,
DFW,PT-177,2020 F-250 D40364,2025-04-30,2023-034,1.0,9000 100F / CC NEEDED,4.0,0.59,MONTHLY,1500.0,885.0,,,,
DFW,PT-187,2021 F-250 C41686,2025-04-30,2023-034,1.0,9000 100F / CC NEEDED,4.0,0.05,MONTHLY,1500.0,75.0,,,,0.05
DFW,PT-193,2021 F-250 C11822,2025-04-30,2023-034,1.0,9000 100F / CC NEEDED,4.0,0.15,MONTHLY,1500.0,225.0,,,,
DFW,PT-208,2019 F-250 D92216,2025-04-30,2023-034,1.0,9000 100F / CC NEEDED,4.0,0.27,MONTHLY,1500.0,405.0,,,,
DFW,PT-224,2022 F-150 D92568,2025-04-30,2023-034,1.0,9000 100F / CC NEEDED,4.0,0.05,MONTHLY,1300.0,65.0,,,,
DFW,PT-227,2022 F-250 G40597,2025-04-30,2023-034,1.0,9000 100F / CC NEEDED,4.0,0.4,MONTHLY,1500.0,600.0,,,,
DFW,PT-228,2022 F-250 G40596,2025-04-30,2023-034,1.0,9000 100F / CC NEEDED,4.0,0.07,MONTHLY,1500.0,105.00000000000001,,,,1.0
DFW,PT-244,2023 F-150 STX,2025-04-30,2023-034,1.0,9000 100F / CC NEEDED,4.0,0.08,MONTHLY,1300.0,104.0,,,,
DFW,PT-247,2023 F-150 STX,2025-04-30,2023-034,1.0,9000 100F / CC NEEDED,4.0,0.27,MONTHLY,1300.0,351.0,,,,
DFW,PT-252,2023 F-250 XL,2025-04-30,2023-034,1.0,9000 100F / CC NEEDED,4.0,0.09,MONTHLY,1500.0,135.0,,,,
DFW,PT-268,2024 FORD MAVERICK XLT (5305),2025-04-30,2023-034,1.0,9000 100F / CC NEEDED,4.0,0.15,MONTHLY,1000.0,150.0,,,,
DFW,PT-269,2024 F350 FLATBED WELDING TK,2025-04-30,2023-034,1.0,9000 100F / CC NEEDED,4.0,0.16,MONTHLY,2500.0,400.0,,,,
DFW,PT-274,2024 FORD MAVERICK (RRB41786),2025-04-30,2023-034,1.0,9000 100F / CC NEEDED,4.0,0.11,MONTHLY,1000.0,110.0,,,,
DFW,PT-278,2024 FORD MAVERICK (RRB41295),2025-04-30,2023-034,1.0,9000 100F / CC NEEDED,4.0,0.1,MONTHLY,1000.0,100.0,,,,
DFW,SDT-01,2021 UTILITY TRAILER 85605 SDT-01,2025-04-30,2023-034,1.0,9000 100F / CC NEEDED,4.0,0.07,MONTHLY,850.0,59.50000000000001,,,,
DFW,SFB-03,2012 Freightliner with Access,2025-04-30,2023-034,1.0,9000 100F / CC NEEDED,4.0,0.27,MONTHLY,3650.0,985.5000000000001,,,,
DFW,SFB-12,Mack MD6 TMA (2023),2025-04-30,2023-034,1.0,9000 100F / CC NEEDED,4.0,0.31,MONTHLY,3650.0,1131.5,,,,
DFW,SFB-13,Mack MD6 TMA (2023),2025-04-30,2023-034,1.0,9000 100F / CC NEEDED,4.0,0.37,MONTHLY,3650.0,1350.5,,,,
DFW,SFB-14,2018 INTL 4300 (H736688),2025-04-30,2023-034,1.0,9000 100F / CC NEEDED,4.0,0.34,MONTHLY,3650.0,1241.0,,,,
DFW,SFB-16,2019 INTL 4300 (L592806),2025-04-30,2023-034,1.0,9000 100F / CC NEEDED,4.0,0.2,MONTHLY,3650.0,730.0,,,,
DFW,SFB-22,2016 FRGHT M2 (V9036),2025-04-30,2023-034,1.0,9000 100F / CC NEEDED,4.0,0.05,MONTHLY,3650.0,182.5,,,,
DFW,SFB-22,2016 FRGHT M2 (V9036),2025-04-30,2023-034,1.0,9000 100F / CC NEEDED,4.0,0.5,MONTHLY,3650.0,1825.0,,,,
DFW,SS-24,2015 CAT 242D,2025-04-30,2023-034,1.0,9000 100F / CC NEEDED,4.0,0.1,MONTHLY,2100.0,210.0,,,,
DFW,WT-08,2019 Peterbilt 337 2000gal,2025-04-30,2023-034,1.0,9000 100F / CC NEEDED,4.0,1.0,MONTHLY,3000.0,3000.0,,,,
DFW,ET-12,2022 DODGE RAM 1500,2025-04-30,2024-003,1.0,9000 100F / CC NEEDED,4.0,0.2,MONTHLY,1300.0,260.0,,,,1.0
DFW,ET-31,2023 FORD F-250 XL,2025-04-30,2024-003,1.0,9000 100F / CC NEEDED,4.0,0.09,MONTHLY,2000.0,180.0,,,,1.0
DFW,MT-07,2017 F-750 B12651 (TMA),2025-04-30,2024-003,1.0,9000 100F / CC NEEDED,4.0,0.25,MONTHLY,3500.0,875.0,,,,
DFW,PT-165,2020 F-150 D16125,2025-04-30,2024-003,1.0,9000 100F / CC NEEDED,4.0,1.0,MONTHLY,1300.0,1300.0,,,,1.0
DFW,PT-166,2020 F-150 D20016,2025-04-30,2024-003,1.0,9000 100F / CC NEEDED,4.0,0.12,MONTHLY,1300.0,156.0,,,,1.0
DFW,PT-202,2022 F-250 C70269,2025-04-30,2024-003,1.0,9000 100F / CC NEEDED,4.0,0.04,MONTHLY,1500.0,60.0,,,,1.0
DFW,PT-207,2020 F-250 D24350,2025-04-30,2024-003,1.0,9000 100F / CC NEEDED,4.0,0.09,MONTHLY,1500.0,135.0,,,,
DFW,PT-268,2024 FORD MAVERICK XLT (5305),2025-04-30,2024-003,1.0,9000 100F / CC NEEDED,4.0,0.15,MONTHLY,1000.0,150.0,,,,
DFW,PT-282,2024 F250 XL (REF26875),2025-04-30,2024-003,1.0,9000 100F / CC NEEDED,4.0,0.18,MONTHLY,1500.0,270.0,,,,
DFW,SFB-16,2019 INTL 4300 (L592806),2025-04-30,2024-003,1.0,9000 100F / CC NEEDED,4.0,0.15,MONTHLY,3650.0,547.5,,,,
DFW,SS-28,2018 CAT 279D,2025-04-30,2024-003,1.0,9000 100F / CC NEEDED,4.0,0.5,MONTHLY,2100.0,1050.0,,,,0.5
DFW,WL-02,John Deere 644K Loader,2025-04-30,2024-003,1.0,9000 100F / CC NEEDED,4.0,0.5,MONTHLY,4000.0,2000.0,,,,0.85
DFW,30T-01,LOAD TRAIL PINTLE W/2-15K AXLE,2025-04-30,2024-004,1.0,9000 100F / CC NEEDED,4.0,1.0,MONTHLY,1000.0,1000.0,,,,1.0
DFW,BH-17,CAT 430FIT (2012),2025-04-30,2024-004,1.0,9000 100F / CC NEEDED,4.0,1.0,MONTHLY,2500.0,2500.0,,,,1.0
DFW,CT-28,2023 SPARTAN 7X16 CR (034561),2025-04-30,2024-004,1.0,9000 100F / CC NEEDED,4.0,1.0,MONTHLY,200.0,200.0,,,,1.0
DFW,DT-12,2019 FRGHT M2-106 DT (5850),2025-04-30,2024-004,1.0,9000 100F / CC NEEDED,4.0,0.5,MONTHLY,5000.0,2500.0,,,,0.5
DFW,DT-13,2018 FRGHT M2-106 DT (8632),2025-04-30,2024-004,1.0,9000 100F / CC NEEDED,4.0,1.0,MONTHLY,5000.0,5000.0,,,,1.0
DFW,ET-04,2022 DODGE RAM 1500,2025-04-30,2024-004,1.0,9000 100F / CC NEEDED,4.0,1.0,MONTHLY,1300.0,1300.0,,,,1.0
DFW,ET-07,2022 DODGE RAM 1500,2025-04-30,2024-004,1.0,9000 100F / CC NEEDED,4.0,1.0,MONTHLY,1300.0,1300.0,,,,1.0
DFW,ET-15,2022 DODGE RAM 1500,2025-04-30,2024-004,1.0,9000 100F / CC NEEDED,4.0,0.1,MONTHLY,1300.0,130.0,,,,0.2
DFW,ET-29,2023 FORD F-250 XL,2025-04-30,2024-004,1.0,9000 100F / CC NEEDED,4.0,1.0,MONTHLY,2000.0,2000.0,,,,1.0
DFW,ET-33,2023 FORD F-250 XL,2025-04-30,2024-004,1.0,9000 100F / CC NEEDED,4.0,1.0,MONTHLY,2000.0,2000.0,,,,1.0
DFW,ET-35,2023 FORD F-250 XL,2025-04-30,2024-004,1.0,9000 100F / CC NEEDED,4.0,1.0,MONTHLY,2000.0,2000.0,,,,1.0
DFW,ET-38,2024 F150 STX (D49666),2025-04-30,2024-004,1.0,9000 100F / CC NEEDED,4.0,1.0,MONTHLY,1300.0,1300.0,,,,1.0
DFW,EX-31,85B Bob Cat Excavator,2025-04-30,2024-004,1.0,9000 100F / CC NEEDED,4.0,1.0,MONTHLY,3000.0,3000.0,,,,1.0
DFW,EX-38,"Bobcat E85 w/ 24"" bkt",2025-04-30,2024-004,1.0,9000 100F / CC NEEDED,4.0,0.45,MONTHLY,3000.0,1350.0,,,,0.45
DFW,EX-41,CAT 308E2CRSB (2013),2025-04-30,2024-004,1.0,9000 100F / CC NEEDED,4.0,0.18,MONTHLY,3000.0,540.0,,,,
DFW,EX-62,2015 CAT 308E CR,2025-04-30,2024-004,1.0,9000 100F / CC NEEDED,4.0,1.0,MONTHLY,3000.0,3000.0,,,,1.0
DFW,EX-77,2023 CAT 308E2 CR,2025-04-30,2024-004,1.0,9000 100F / CC NEEDED,4.0,1.0,MONTHLY,3000.0,3000.0,,,,1.0
DFW,ME-37,WANCO ARROW BOARD (1005266),2025-04-30,2024-004,1.0,9000 100F / CC NEEDED,4.0,0.25,MONTHLY,800.0,200.0,,,,
DFW,MT-14,2023 F550 D21569 Lube Truck,2025-04-30,2024-004,1.0,9000 100F / CC NEEDED,4.0,0.06,MONTHLY,1500.0,90.0,,,,
DFW,MT-15,2024 F550 MT E60786 MT-15,2025-04-30,2024-004,1.0,9000 100F / CC NEEDED,4.0,0.1,MONTHLY,1500.0,150.0,,,,
DFW,MT-15,2024 F550 MT E60786 MT-15,2025-04-30,2024-004,1.0,9000 100F / CC NEEDED,4.0,0.1,MONTHLY,1500.0,150.0,,,,
DFW,PT-172,2020 F-150 E09533,2025-04-30,2024-004,1.0,9000 100F / CC NEEDED,4.0,0.05,MONTHLY,1300.0,65.0,,,,0.05
DFW,PT-173,2020 F-150 E09535,2025-04-30,2024-004,1.0,9000 100F / CC NEEDED,4.0,0.46,MONTHLY,1300.0,598.0,,,,
DFW,PT-180,2020 F-250 C87751,2025-04-30,2024-004,1.0,9000 100F / CC NEEDED,4.0,0.2,MONTHLY,1500.0,300.0,,,,1.0
DFW,PT-202,2022 F-250 C70269,2025-04-30,2024-004,1.0,9000 100M,4.0,0.03,MONTHLY,1500.0,45.0,,,,
DFW,PT-213,2021 F-250 D19753,2025-04-30,2024-004,1.0,9000 100F / CC NEEDED,4.0,0.93,MONTHLY,1500.0,1395.0,,,,
DFW,PT-215,2022 F-250,2025-04-30,2024-004,1.0,9000 100F / CC NEEDED,4.0,0.06,MONTHLY,1500.0,90.0,,,,1.0
DFW,PT-218,2022 F-250 E64467,2025-04-30,2024-004,1.0,9000 100F / CC NEEDED,4.0,0.35,MONTHLY,1500.0,525.0,,,,
DFW,PT-219,2022 F-250 E64466,2025-04-30,2024-004,1.0,9000 100F / CC NEEDED,4.0,1.0,MONTHLY,1500.0,1500.0,,,,1.0
DFW,PT-228,2022 F-250 G40596,2025-04-30,2024-004,1.0,9000 100F / CC NEEDED,4.0,0.93,MONTHLY,1500.0,1395.0,,,,
DFW,PT-240,2023 F-150 XL,2025-04-30,2024-004,1.0,9000 100F / CC NEEDED,4.0,0.5,MONTHLY,1300.0,650.0,,,,
DFW,PT-268,2024 FORD MAVERICK XLT (5305),2025-04-30,2024-004,1.0,9000 100F / CC NEEDED,4.0,0.15,MONTHLY,1000.0,150.0,,,,
DFW,PT-276,2024 FORD MAVERICK (RRB41388),2025-04-30,2024-004,1.0,9000 100F / CC NEEDED,4.0,0.25,MONTHLY,1000.0,250.0,,,,
DFW,PT-277,2024 FORD MAVERICK (RRB40474),2025-04-30,2024-004,1.0,9000 100F / CC NEEDED,4.0,0.2,MONTHLY,1000.0,200.0,,,,
DFW,PT-278,2024 FORD MAVERICK (RRB41295),2025-04-30,2024-004,1.0,9000 100F / CC NEEDED,4.0,0.35,MONTHLY,1000.0,350.0,,,,
DFW,SS-26,CAT 279D (2018),2025-04-30,2024-004,1.0,9000 100F / CC NEEDED,4.0,1.0,MONTHLY,2100.0,2100.0,,,,1.0
DFW,SS-27,2018 CAT 289D,2025-04-30,2024-004,1.0,9000 100F / CC NEEDED,4.0,1.0,MONTHLY,2100.0,2100.0,,,,1.0
DFW,SS-37,CAT 289D3 (2022),2025-04-30,2024-004,1.0,9000 100F / CC NEEDED,4.0,1.0,MONTHLY,2100.0,2100.0,,,,1.0
DFW,SS-38,CAT 289D3 (2022),2025-04-30,2024-004,1.0,9000 100F / CC NEEDED,4.0,1.0,MONTHLY,2100.0,2100.0,,,,1.0
DFW,AC-26,2024 SULLAIR 185 AIR COMPRESSOR,2025-04-30,2024-012,1.0,9000 100F / CC NEEDED,4.0,1.0,MONTHLY,800.0,800.0,,,,1.0
DFW,BRO-10,2014 Broce KR350,2025-04-30,2024-012,1.0,9000 100F / CC NEEDED,4.0,1.0,MONTHLY,1200.0,1200.0,,,,1.0
DFW,CFM-01,Gomaco C450 Deck Machine,2025-04-30,2024-012,1.0,9000 100F / CC NEEDED,4.0,1.0,MONTHLY,1400.0,1400.0,,,,1.0
DFW,CP-01,Concrete Plant,2025-04-30,2024-012,1.0,9000 100F / CC NEEDED,4.0,0.6,MONTHLY,12500.0,7500.0,,,,0.6
DFW,CT-27,2022 SPARTAN CR 7X16 (033611),2025-04-30,2024-012,1.0,9000 100F / CC NEEDED,4.0,0.84,MONTHLY,200.0,168.0,,,,
DFW,D-18,2016 CAT D3K2 LGP,2025-04-30,2024-012,1.0,9000 100F / CC NEEDED,4.0,1.0,MONTHLY,4500.0,4500.0,,,,1.0
DFW,ET-12,2022 DODGE RAM 1500,2025-04-30,2024-012,1.0,9000 100F / CC NEEDED,4.0,0.8,MONTHLY,1300.0,1040.0,,,,
DFW,ET-15,2022 DODGE RAM 1500,2025-04-30,2024-012,1.0,9000 100F / CC NEEDED,4.0,0.1,MONTHLY,1300.0,130.0,,,,
DFW,ET-23,2023 FORD F-250,2025-04-30,2024-012,1.0,9000 100F / CC NEEDED,4.0,0.29,MONTHLY,2000.0,580.0,,,,
DFW,ET-24,2023 FORD F-250,2025-04-30,2024-012,1.0,9000 100F / CC NEEDED,4.0,1.0,MONTHLY,2000.0,2000.0,,,,1.0
DFW,ET-26,2023 FORD F-250 XL,2025-04-30,2024-012,1.0,9000 100F / CC NEEDED,4.0,0.27,MONTHLY,2000.0,540.0,,,,
DFW,ET-31,2023 FORD F-250 XL,2025-04-30,2024-012,1.0,9000 100F / CC NEEDED,4.0,0.91,MONTHLY,2000.0,1820.0,,,,
DFW,ET-37,2023 FORD F-250 XL,2025-04-30,2024-012,1.0,9000 100F / CC NEEDED,4.0,0.18,MONTHLY,2000.0,360.0,,,,
DFW,ET-39,2024 F-150 XL (D04441),2025-04-30,2024-012,1.0,9000 100F / CC NEEDED,4.0,1.0,MONTHLY,1300.0,1300.0,,,,1.0
DFW,EX-52,2018 John DeerE 75GX,2025-04-30,2024-012,1.0,9000 100F / CC NEEDED,4.0,1.0,MONTHLY,3000.0,3000.0,,,,1.0
DFW,LP-114,WANCO LIGHT TOWER 4-7KW VERT,2025-04-30,2024-012,1.0,9000 100F / CC NEEDED,4.0,1.0,MONTHLY,800.0,800.0,,,,1.0
DFW,MT-14,2023 F550 D21569 Lube Truck,2025-04-30,2024-012,1.0,9000 100F / CC NEEDED,4.0,0.05,MONTHLY,1500.0,75.0,,,,
DFW,MT-15,2024 F550 MT E60786 MT-15,2025-04-30,2024-012,1.0,9000 100F / CC NEEDED,4.0,0.1,MONTHLY,1500.0,150.0,,,,
DFW,PT-156,2019 F150 F14517,2025-04-30,2024-012,1.0,9000 100F / CC NEEDED,4.0,0.15,MONTHLY,1300.0,195.0,,,,
DFW,PT-166,2020 F-150 D20016,2025-04-30,2024-012,1.0,9000 100F / CC NEEDED,4.0,0.43,MONTHLY,1300.0,559.0,,,,
DFW,PT-173,2020 F-150 E09535,2025-04-30,2024-012,1.0,9000 100F / CC NEEDED,4.0,0.32,MONTHLY,1300.0,416.0,,,,
DFW,PT-202,2022 F-250 C70269,2025-04-30,2024-012,1.0,9000 100F / CC NEEDED,4.0,0.93,MONTHLY,1500.0,1395.0,,,,
DFW,PT-207,2020 F-250 D24350,2025-04-30,2024-012,1.0,9000 100F / CC NEEDED,4.0,0.76,MONTHLY,1500.0,1140.0,,,,
DFW,PT-226,2022 F-250 G40582,2025-04-30,2024-012,1.0,9000 100F / CC NEEDED,4.0,0.09,MONTHLY,1500.0,135.0,,,,
DFW,PT-268,2024 FORD MAVERICK XLT (5305),2025-04-30,2024-012,1.0,9000 100F / CC NEEDED,4.0,0.25,MONTHLY,1000.0,250.0,,,,
DFW,PT-277,2024 FORD MAVERICK (RRB40474),2025-04-30,2024-012,1.0,9000 100F / CC NEEDED,4.0,0.15,MONTHLY,1000.0,150.0,,,,
DFW,PT-278,2024 FORD MAVERICK (RRB41295),2025-04-30,2024-012,1.0,9000 100F / CC NEEDED,4.0,0.07,MONTHLY,1000.0,70.0,,,,
DFW,PT-279,2024 F250 XL (REE94240),2025-04-30,2024-012,1.0,9000 100F / CC NEEDED,4.0,0.1,MONTHLY,1500.0,150.0,,,,
DFW,PT-282,2024 F250 XL (REF26875),2025-04-30,2024-012,1.0,9000 100F / CC NEEDED,4.0,0.5,MONTHLY,1500.0,750.0,,,,
DFW,R-21,Bomag BW177PDH-50 (2012),2025-04-30,2024-012,1.0,9000 100F / CC NEEDED,4.0,0.59,MONTHLY,2500.0,1475.0,,,,0.59
DFW,R-23,2011 CAT CP56,2025-04-30,2024-012,1.0,9000 100F / CC NEEDED,4.0,0.48,MONTHLY,2000.0,960.0,,,,0.48
DFW,R-27,2012 Wacker Neuson RT82-SC,2025-04-30,2024-012,1.0,9000 100F / CC NEEDED,4.0,1.0,MONTHLY,2000.0,2000.0,,,,1.0
DFW,R-32,2015 VOLVO SD45 SDC,2025-04-30,2024-012,1.0,9000 100F / CC NEEDED,4.0,0.65,MONTHLY,2000.0,1300.0,,,,0.65
DFW,RTC-03,2014 TEREX RT555-2 55TON,2025-04-30,2024-012,1.0,9000 100F / CC NEEDED,4.0,0.65,MONTHLY,6000.0,3900.0,,,,
DFW,SFB-09,2013 Freightliner M2 106,2025-04-30,2024-012,1.0,9000 100F / CC NEEDED,4.0,0.05,MONTHLY,3650.0,182.5,,,,1.0
DFW,SFB-22,2016 FRGHT M2 (V9036),2025-04-30,2024-012,1.0,9000 100F / CC NEEDED,4.0,0.05,MONTHLY,3650.0,182.5,,,,
DFW,SFB-22,2016 FRGHT M2 (V9036),2025-04-30,2024-012,1.0,9000 100F / CC NEEDED,4.0,0.05,MONTHLY,3650.0,182.5,,,,
DFW,SS-16,2014 CAT 279D,2025-04-30,2024-012,1.0,9000 100F / CC NEEDED,4.0,1.0,MONTHLY,2100.0,2100.0,,,,1.0
DFW,WL-02,John Deere 644K Loader,2025-04-30,2024-012,1.0,9000 100F / CC NEEDED,4.0,0.35,MONTHLY,4000.0,1400.0,,,,
DFW,WL-05,2017 CAT 926M,2025-04-30,2024-012,1.0,9000 100F / CC NEEDED,4.0,1.0,MONTHLY,4000.0,4000.0,,,,1.0
DFW,ET-43,2024 F-150,2025-04-30,2024-016,1.0,9000 100F / CC NEEDED,4.0,0.05,MONTHLY,1300.0,65.0,,,,
DFW,ET-02,2022 DODGE RAM 1500,2025-04-30,2024-019,1.0,9000 100F / CC NEEDED,4.0,1.0,MONTHLY,1300.0,1300.0,,,,1.0
DFW,ET-25,2023 FORD F-250,2025-04-30,2024-019,1.0,9000 100F / CC NEEDED,4.0,0.54,MONTHLY,2000.0,1080.0,,,,
DFW,EX-15,Caterpillar 324 2010,2025-04-30,2024-019,1.0,9000 100F / CC NEEDED,4.0,0.85,MONTHLY,5000.0,4250.0,,,,0.85
DFW,ME-37,WANCO ARROW BOARD (1005266),2025-04-30,2024-019,1.0,9000 100F / CC NEEDED,4.0,0.55,MONTHLY,800.0,440.00000000000006,,,,
DFW,ME-49,2024 VM MATRIX MB (MB-H000135),2025-04-30,2024-019,1.0,9000 100F / CC NEEDED,4.0,0.72,MONTHLY,1250.0,900.0,,,,
DFW,PT-108,2018 F-150 D31569,2025-04-30,2024-019,1.0,9000 100F / CC NEEDED,4.0,0.04,MONTHLY,1300.0,52.0,,,,
DFW,PT-156,2019 F150 F14517,2025-04-30,2024-019,1.0,9000 100F / CC NEEDED,4.0,0.36,MONTHLY,1300.0,468.0,,,,
DFW,PT-166,2020 F-150 D20016,2025-04-30,2024-019,1.0,9000 100F / CC NEEDED,4.0,0.45,MONTHLY,1300.0,585.0,,,,
DFW,PT-173,2020 F-150 E09535,2025-04-30,2024-019,1.0,9000 100F / CC NEEDED,4.0,0.06,MONTHLY,1300.0,78.0,,,,
DFW,PT-180,2020 F-250 C87751,2025-04-30,2024-019,1.0,9000 100F / CC NEEDED,4.0,0.3,MONTHLY,1500.0,450.0,,,,
DFW,PT-190,2021 F-250 D07383,2025-04-30,2024-019,1.0,9000 100F / CC NEEDED,4.0,0.05,MONTHLY,1500.0,75.0,,,,
DFW,PT-215,2022 F-250,2025-04-30,2024-019,1.0,9000 100F / CC NEEDED,4.0,0.71,MONTHLY,1500.0,1065.0,,,,
DFW,PT-237,2023 F-250,2025-04-30,2024-019,1.0,9000 100F / CC NEEDED,4.0,0.11,MONTHLY,1500.0,165.0,,,,
DFW,PT-281,2024 F250 XL (REE94010),2025-04-30,2024-019,1.0,9000 100F / CC NEEDED,4.0,0.7,MONTHLY,1500.0,1050.0,,,,
DFW,SFB-03,2012 Freightliner with Access,2025-04-30,2024-019,1.0,9000 100F / CC NEEDED,4.0,0.08,MONTHLY,3650.0,292.0,,,,
DFW,SFB-09,2013 Freightliner M2 106,2025-04-30,2024-019,1.0,9000 100F / CC NEEDED,4.0,0.61,MONTHLY,3650.0,2226.5,,,,
DFW,SFB-16,2019 INTL 4300 (L592806),2025-04-30,2024-019,1.0,9000 100F / CC NEEDED,4.0,0.15,MONTHLY,3650.0,547.5,,,,
DFW,SS-46,2025 CAT 265 CTL (KR405362) SS-46,2025-04-30,2024-019,1.0,9000 100F / CC NEEDED,4.0,0.84,MONTHLY,2100.0,1764.0,,,,
DFW,ET-14,2022 DODGE RAM 1500,2025-04-30,2024-023,1.0,9000 100F / CC NEEDED,4.0,1.0,MONTHLY,1300.0,1300.0,,,,1.0
DFW,EX-81,2023 CAT 304 (401570),2025-04-30,2024-023,1.0,9000 100F / CC NEEDED,4.0,0.5,MONTHLY,3000.0,1500.0,,,,0.5
DFW,ME-33,WANCO MESSAGE BOARD (1005010),2025-04-30,2024-023,1.0,9000 100F / CC NEEDED,4.0,1.0,MONTHLY,1250.0,1250.0,,,,1.0
DFW,ME-41,VER-MAC PCMS-1500LP (H223769),2025-04-30,2024-023,1.0,9000 100F / CC NEEDED,4.0,1.0,MONTHLY,1250.0,1250.0,,,,1.0
DFW,PT-159,2019 F250 G54587,2025-04-30,2024-023,1.0,9000 100F / CC NEEDED,4.0,0.1,MONTHLY,1500.0,150.0,,,,
DFW,PT-237,2023 F-250,2025-04-30,2024-023,1.0,9000 100F / CC NEEDED,4.0,0.28,MONTHLY,1500.0,420.00000000000006,,,,
DFW,PT-242,2023 F-250,2025-04-30,2024-023,1.0,9000 100F / CC NEEDED,4.0,1.0,MONTHLY,1500.0,1500.0,,,,1.0
DFW,PT-245,2023 F-150 STX,2025-04-30,2024-023,1.0,9000 100F / CC NEEDED,4.0,0.1,MONTHLY,1300.0,130.0,,,,
DFW,PT-276,2024 FORD MAVERICK (RRB41388),2025-04-30,2024-023,1.0,9000 100F / CC NEEDED,4.0,0.1,MONTHLY,1000.0,100.0,,,,
DFW,PT-284,2024 F250 F26104 PT-284,2025-04-30,2024-023,1.0,9000 100F / CC NEEDED,4.0,0.2,MONTHLY,1500.0,300.0,,,,
DFW,RTC-02,Terex 65 Ton Crane,2025-04-30,2024-023,1.0,9000 100F / CC NEEDED,4.0,0.51,MONTHLY,6000.0,3060.0,,,,
DFW,SDT-01,2021 UTILITY TRAILER 85605 SDT-01,2025-04-30,2024-023,1.0,9000 100F / CC NEEDED,4.0,0.04,MONTHLY,850.0,34.0,,,,
DFW,SS-17,2017 CAT 279D,2025-04-30,2024-023,1.0,9000 100F / CC NEEDED,4.0,1.0,MONTHLY,2100.0,2100.0,,,,1.0
DFW,TH-06,2012 JLG G1255A,2025-04-30,2024-023,1.0,9000 100F / CC NEEDED,4.0,1.0,MONTHLY,4000.0,4000.0,,,,1.0
DFW,WL-12,2022 CAT 938M (K03394) WL-12,2025-04-30,2024-023,1.0,9000 100F / CC NEEDED,4.0,0.25,MONTHLY,4000.0,1000.0,,,,
DFW,ET-01,2022 DODGE RAM 1500,2025-04-30,2024-024,1.0,9000 100F / CC NEEDED,4.0,0.88,MONTHLY,1300.0,1144.0,,,,
DFW,ME-38,WANCO ARROW BOARD (1005269),2025-04-30,2024-024,1.0,9000 100F / CC NEEDED,4.0,1.0,MONTHLY,800.0,800.0,,,,1.0
DFW,ME-53,2024 WANCO WTSP AB,2025-04-30,2024-024,1.0,9000 100F / CC NEEDED,4.0,1.0,MONTHLY,800.0,800.0,,,,1.0
DFW,PT-159,2019 F250 G54587,2025-04-30,2024-024,1.0,9000 100F / CC NEEDED,4.0,0.3,MONTHLY,1500.0,450.0,,,,
DFW,PT-215,2022 F-250,2025-04-30,2024-024,1.0,9000 100F / CC NEEDED,4.0,0.23,MONTHLY,1500.0,345.0,,,,
DFW,SS-34,CAT 289D3 (2022),2025-04-30,2024-024,1.0,9000 100F / CC NEEDED,4.0,0.25,MONTHLY,2100.0,525.0,,,,0.25
DFW,PT-177,2020 F-250 D40364,2025-04-30,2024-027,1.0,9000 100F / CC NEEDED,4.0,0.04,MONTHLY,1500.0,60.0,,,,
DFW,PT-244,2023 F-150 STX,2025-04-30,2024-027,1.0,9000 100F / CC NEEDED,4.0,0.2,MONTHLY,1300.0,260.0,,,,
DFW,PT-269,2024 F350 FLATBED WELDING TK,2025-04-30,2024-027,1.0,9000 100F / CC NEEDED,4.0,0.11,MONTHLY,2500.0,275.0,,,,
DFW,PT-274,2024 FORD MAVERICK (RRB41786),2025-04-30,2024-027,1.0,9000 100F / CC NEEDED,4.0,0.19,MONTHLY,1000.0,190.0,,,,
DFW,PT-284,2024 F250 F26104 PT-284,2025-04-30,2024-027,1.0,9000 100F / CC NEEDED,4.0,0.4,MONTHLY,1500.0,600.0,,,,
DFW,ET-19,2022 DODGE RAM 1500,2025-04-30,2025-005,1.0,9000 100F / CC NEEDED,4.0,0.2,MONTHLY,1300.0,260.0,,,,
DFW,ET-09,2022 DODGE RAM 1500,2025-04-30,2025-007,1.0,100 6002A,4.0,0.2,MONTHLY,1300.0,260.0,,,,
DFW,ET-19,2022 DODGE RAM 1500,2025-04-30,2025-007,1.0,100 6002A,4.0,0.15,MONTHLY,1300.0,195.0,,,,
DFW,ET-41,2024 F-150,2025-04-30,2025-007,1.0,100 6002A,4.0,0.3,MONTHLY,1300.0,390.0,,,,
DFW,EX-69,JD 250G LC (2019),2025-04-30,2025-007,1.0,104 6001A,4.0,0.75,MONTHLY,5000.0,3750.0,,,,0.75
DFW,PT-279,2024 F250 XL (REE94240),2025-04-30,2025-007,1.0,104 6001A,4.0,0.6,MONTHLY,1500.0,900.0,,,,
DFW,PT-89,2017 F-150 D58127,2025-04-30,2025-007,1.0,100 6002A,4.0,0.15,MONTHLY,1300.0,195.0,,,,
DFW,PT-89,2017 F-150 D58127,2025-04-30,2025-007,1.0,100 6002A,4.0,0.15,MONTHLY,1300.0,195.0,,,,
DFW,SS-33,CAT 279D3 (2022),2025-04-30,2025-007,1.0,104 6001A,4.0,0.5,MONTHLY,2100.0,1050.0,,,,0.5
DFW,ET-41,2024 F-150,2025-04-30,2025-008,1.0,9000 100F / CC NEEDED,4.0,0.3,MONTHLY,1300.0,390.0,,,,
DFW,PT-180,2020 F-250 C87751,2025-04-30,SEL-2025,1.0,0024 0006,4.0,0.5,MONTHLY,1500.0,750.0,,,,
